taxa,PC1,PC2,PC3,PC4,PC5,PC6,PC7,PC8,PC9,PC10
Durum-002,-3.45275892440744,9.4031726702187,-0.830001940091674,16.0381911618898,-2.92904808908498,5.91777739551066,-9.13171780969483,5.86359264691614,-5.97444300437613,-8.51305258270109
Durum-003,-12.3609317581396,9.23960212729183,2.6951860350146,6.19203024760214,-3.28466810827054,3.17471155829343,0.0638011342902214,4.18707274654142,0.438802827079187,-5.66418159091152
Durum-004,-21.721188032065,26.1545416780064,5.99585821753448,-7.37893544732604,-4.02180394161403,-5.74423748749279,1.99924588464993,1.23253760862989,9.6018522962901,16.0941894321616
Durum-005,-1.77975281111434,-14.2680613726283,-2.55796911575634,11.6340557740056,0.453841921561374,-6.30537026006589,9.4220639781273,7.94626304631536,-3.13055816039275,-19.440698882372
Durum-007,-6.39278803524906,-17.4225188620038,-19.9024658340095,4.22097017616681,0.759300039136946,-6.17263513499001,5.82708358378771,2.63532822522117,-0.361429896504627,-1.80705800487244
Durum-008,-5.63286141976832,-13.493386384868,-12.0076393299721,11.8325489391675,0.037757981086005,-11.4291172949189,15.1212926998161,9.38010860228472,-4.7998767925752,-8.01151071630103
Durum-010,-4.31449061193618,-17.195390368328,-24.6401050164321,-1.09533168273852,0.267231450669794,-6.01982185175154,1.97424187383869,1.78624808599715,2.91296031033446,6.4409599133
Durum-012,-11.0985190623863,-4.54619360372324,-23.4151757925036,1.99307776345796,1.05500372175312,5.7804062784738,-7.34143596770448,4.58948479795381,3.54054985246028,3.77151254503028
Durum-013,-8.71197430904095,-10.3317482127862,-21.8050111136109,1.00470182265676,0.568018118786731,1.85484629680436,-1.19974696293626,1.9159806318413,2.69222140930515,4.89621286092666
Durum-014,-24.7764552740078,32.5777527968684,11.2907397457597,-22.853290040289,2.81731480026646,-18.0349538735884,4.06832729646472,-5.31212852317631,1.14081311907925,-3.99318067899133
Durum-015,-10.2796125973127,-2.8772885995044,-14.2045352579824,5.3801858308923,1.15670063163799,3.04773699867595,-4.36123953212147,3.17373842219436,2.00100632959878,2.87828497019466
Durum-017,-10.6850700236872,-15.9800259600103,-29.8791258664167,8.75048249531908,-3.25196312945896,-5.08375975664566,2.09868086325244,-2.36285182219961,3.88495648120763,16.486008025786
Durum-018,30.7333539503358,0.782593501108801,-21.0550561693961,-13.5381439459742,-3.92011947456999,6.4015069108785,-5.03352096284489,2.80432849153892,0.436360365087907,-2.41836664961584
Durum-020,3.09468585587343,-10.9161521435466,11.5840796013522,6.32420828637387,-0.778604069815382,0.135487302003427,-0.262343549254398,-6.66620163830906,16.849360872999,-13.2751293835016
Durum-024,56.1098226005125,14.8930922181265,-5.19826704247473,-6.65745748786605,-1.86919092877277,-5.25156667323151,4.04268658926702,9.64622947046298,-2.74637195132118,-1.58051878612196
Durum-025,53.4611501809676,15.4100780674756,-5.23236144095584,-5.28428884361338,-3.44713687588372,-4.67525318868153,5.86643633270104,11.7661309651883,-1.05069801966346,2.13237849867695
Durum-026,61.5389609184505,18.3522724566885,-8.49340646170756,-5.45771384632325,-14.7191350134171,-2.54818760023907,1.62094959890537,5.88437644397503,-0.164037018224061,-0.463393571782094
Durum-027,23.0028797073932,6.1913332443446,-2.25801599932078,4.11942784497802,-6.6612492697894,1.42482491470528,-1.6555928483632,2.49363875049565,3.00314010499645,-0.849097304015886
Durum-028,-24.1330169293174,32.8825551066887,11.0736955393276,-23.1055902866375,3.3325321036687,-17.9389949779626,5.30998707066743,-5.46692515628775,0.97707012509709,-4.02912455984667
Durum-029,-23.3577014971879,32.3292190220961,11.1519159634178,-22.4360590504294,2.9928259583256,-17.6679063233558,3.35217454932929,-5.95484333249081,1.10031377681206,-3.51136233895575
Durum-030,36.180481964052,17.542622107093,-0.168982803397502,-6.2281436744164,-3.30598681535115,-6.44952256764512,0.753059166012567,3.09637098453009,2.30340197652157,0.724610796172734
Durum-031,64.0951743376246,19.3736137503173,-7.6433302175637,-6.18409914770943,-18.6071874698797,-3.63425054265424,2.32451257822626,2.56925726543141,1.10460134648944,-0.614135333822567
Durum-032,54.1657483253629,16.2970263961293,-4.17669906093369,-0.19309553260043,-9.44369027909671,-6.03693177646073,1.56481536810341,6.68318184026699,1.57290831218862,3.64944408466525
Durum-033,-10.1827088029412,-0.729015190559593,-21.9632809087942,-15.1490116746836,0.597277674119959,9.85788982432301,-5.11923800783519,4.66865307763094,0.871543645293307,0.589228528129238
Durum-034,-12.1046432629105,6.92151680850858,-3.88818673218315,16.8614708885641,-5.34600716539077,4.24502935711024,5.05982120827335,-1.92444838877478,-3.51978964263801,0.402630201593936
Durum-035,-6.60265953394828,-3.658814060848,6.25576409324982,5.15088807870091,-2.89718206384978,-2.11101471533421,-0.133130295820459,8.59120962653168,2.31136023099877,-10.1656876814629
Durum-036,-23.1016815233627,25.1004262202694,7.2031189176706,-24.4914637052536,3.02340508660608,-17.6609367291717,3.44827318433471,-5.27932586757971,0.167514374263385,-3.3308299449715
Durum-037,-13.2094527887812,8.09957792895721,6.36166093553131,1.06795185486541,-1.96965475481656,-1.49136567074557,0.795903175665345,7.03062990857631,0.348623564021107,-12.0030305348465
Durum-038,-1.96679442028956,-2.54235096977363,3.60009252018353,5.60351159886735,3.08004278002092,-0.606962639275733,-0.89837175752272,6.55032610414451,1.83731315399812,-2.17535118301805
Durum-039,-24.7827338264217,32.8774628045907,11.6595946949832,-23.2448632602324,3.14108514895583,-18.1607805353761,4.07961829436511,-5.46254009691273,0.764395643329486,-3.74097009277726
Durum-041,-2.02613088956462,-17.7905443244162,-28.2913090124655,-18.5725901792583,3.48028995441082,12.6004874032179,-6.54815183716346,2.73760926155226,2.09906377486773,-1.38185398514587
Durum-042,-0.461275488821666,-18.4661065281805,-32.0652823345396,-11.4331119889712,1.58046067765037,6.84843225782198,-6.76883990021365,2.17256375065722,6.53428493179791,2.82000021815022
Durum-043,-8.38823730080908,-2.11461481010645,4.11331655498131,9.80435781705644,0.227832660655518,-1.51385447668369,-1.37948282535478,6.6106846163227,-1.13722125041965,-11.1453210097834
Durum-044,-5.85592887974351,-13.119008991864,-20.9982817554885,-18.4754275150991,3.1544145556868,19.5196540321603,-10.8274277190152,7.23611577151934,2.00191532373274,-9.02444422569992
Durum-045,-0.646284095738383,-19.0688466394746,-30.7140658009167,-15.0667392420047,1.67099887482988,11.4033336760973,-6.50999731127947,1.11523006344045,3.0210468279189,-2.85751073588596
Durum-046,-3.08662142670675,-18.9228706951087,-29.923964057499,-18.0287380944993,4.2520065887046,13.5895905387224,-9.04122213305269,3.52003074329938,1.212757593138,-4.65504946881583
Durum-047,-10.1215395545193,-16.1164257679637,-31.3117867988199,8.32423104289069,-2.51269719244878,-2.6637902167123,1.59552953124589,-0.669730392326614,2.31420702811761,16.0821238085615
Durum-049,-16.9316385088183,23.6194078285514,6.03952565207219,9.62432811507693,-4.51356765239136,10.1658801529175,-5.1769361319082,20.1753770429037,3.35085799063843,10.0181692058158
Durum-050,-2.14827271884227,-11.3186745841843,-3.42344100074256,9.54552002211409,1.89691382599281,-6.28420316742634,8.5893329647536,6.5317475235482,-3.24887814154983,-18.1876469526137
Durum-053,-6.26225358158072,-5.42964993460225,15.6649851786087,-0.242189735481974,-4.69496921465608,10.5508129065067,7.95382406325826,6.18606088792737,-0.429284118188814,-3.2228773421462
Durum-055,22.3740919213658,-3.26304723824061,4.68971554427467,6.81998253260983,44.5306659294436,-0.162158268565239,2.39688874349441,7.56783494234155,-2.83478409477451,7.66307528090425
Durum-056,-12.305100528835,5.5053178968315,-6.56789594363595,5.94142084133758,-1.65569941876839,2.603453909647,-0.898495327210192,9.41582311709291,5.70346981518461,12.5465783088482
Durum-059,-15.4632506691787,18.1883120892854,4.73168336114081,8.7265173158008,-3.66093635957757,4.82783086283389,-1.13574364513187,-0.327099449599047,-1.76219398456097,-2.86399602891035
Durum-060,-13.1636301805059,13.2355116530041,-2.90282190730225,15.4471516591001,-3.40432293917826,4.83624024774741,-1.19762261653969,1.15639423604029,-1.76820275542577,1.67671123483795
Durum-063,-10.7120407199854,12.346859556146,1.24107477926007,16.906843818601,-3.43526404874379,5.39701228065299,-1.24939266343963,1.43115688263967,-0.353026709371621,-1.34089457218807
Durum-064,22.7525917131078,-3.72830784328018,7.59065719876966,7.25370815960786,45.262856266702,-1.55842052519473,4.13024559669031,9.51997842407924,-2.84284382207321,6.5898490163037
Durum-065,-22.9718441016488,28.0746141983031,7.23422693447239,-6.91845307611672,-2.1319536200206,-5.73242867026625,1.43714252393606,0.275664675750547,12.4734036779253,18.0624620166053
Durum-066,4.19043428969983,-19.7898624288892,22.6488626358265,-6.66920979929555,-7.95616435301819,14.389369191587,10.783688633789,-3.11470929719277,9.82258432048512,0.0103944016874051
Durum-068,-6.27083278474012,11.5381101310402,2.80665348319429,15.6929888153178,-2.47496062030772,10.8030628635521,-3.98115701724383,-4.20081716480968,-5.32974365919792,-0.522484247843298
Durum-069,-6.10714850283752,-13.37980647801,-19.7069141875471,3.34607015325325,0.635756152318194,-5.26083068123336,3.3920450794618,-2.06499293087058,6.6271750267113,11.7507989499077
Durum-070,-9.76853028771971,-9.55801085364748,-15.4895953707063,18.4725903891422,-8.96791472154422,-17.0143954339702,18.6912136465449,-4.83574158943623,-9.59197418179906,-0.780020330255381
Durum-071,-12.1380654618253,-7.64082014004252,-19.4519986418157,17.5220595700017,-8.42365511768577,-16.4848802368147,19.6835010539639,-4.15471652922404,-7.5138452638951,5.47122820166253
Durum-072,-11.2881819537957,-12.9540458400096,-20.8690204087688,16.586821168239,-7.38976365347941,-17.0463390173865,23.4062003477689,-5.53257616889695,-7.53339594092226,5.95157883654432
Durum-073,-6.63000597859344,-13.8687995933218,-12.8788084502228,10.8419812635551,-1.95927163947827,-14.4265517944456,15.6172146755404,4.98691403313373,-4.64174397244891,-6.07228026935717
Durum-074,-10.4394043298034,-18.6561142440883,-32.6488397804335,3.11467431194049,0.289087445209178,-4.19602348218412,-0.207045904843393,1.02173607569737,5.24544544277018,19.3875001234812
Durum-075,-10.9121198162138,-11.6374235984539,-21.7323272504372,15.9345840592964,-7.34394374170483,-15.1779816058879,21.0351774677998,-6.46638482120516,-7.65516356704275,7.72392214060713
Durum-076,-10.9656250866555,-10.5564171748261,-15.4027755762596,18.105207083276,-8.82982017145573,-17.9128299847238,20.4289232087541,-4.51508655192657,-9.18685984201356,-0.3401798911283
Durum-077,-9.54193677758436,-13.0697880472467,-19.1041194340704,14.8690736614407,-6.47251146988564,-17.439748025189,21.2528605980582,-1.67839218401554,-8.8371631187802,5.63339020470259
Durum-078,19.2231555420262,-4.61065009972419,7.69607242388603,7.93551816736859,40.1160408170947,-2.95216851361987,6.83781573586282,1.95327900215643,-3.73554688402139,1.69842054490135
Durum-082,2.54774232249996,-12.9193530891141,2.38440223889075,7.70853824454307,-1.99727835187042,-6.1622131838579,-0.0391917354756066,-2.87386871234708,11.3189965303112,-1.80240008477673
Durum-084,-8.02014000006299,10.730833910963,0.0721415347144463,16.1368884164699,-2.50568832210801,6.29921594393436,-8.22596352544731,6.76214185264706,-5.0151868188201,-6.54767955242045
Durum-085,4.49973415238995,-19.0910674055845,16.1856656182696,-2.7357263958853,-4.16176864750024,-11.193652663355,-12.0445434118026,1.39717003476236,-0.654287842519242,-2.13604017657615
Durum-086,1.4148128858166,-21.4425830595321,18.460018802785,-3.93045256637694,-2.72715128413826,-10.4112754653728,-12.4852728094818,6.67225629371525,-1.94557464897232,3.76382937138199
Durum-087,10.5803506436547,-7.93979614040528,8.35728409665962,9.18674218424167,5.07987501965778,-1.6283139218384,-4.51409541046236,-17.6243628625142,31.2025711948262,2.3114704623721
Durum-090,-1.92149733004783,-11.0572091821453,-0.415763391452589,7.94315306424181,-3.64453596165625,-4.91591685560138,3.80768528298247,-5.84408543167585,8.13411047318569,2.02367005149338
Durum-091,0.723652434845451,-18.7003404576386,17.5441058005051,-2.73406148837578,-4.88912793675298,-10.6284708491662,-14.974619061479,3.08368089851171,-2.24994701138215,0.123514403616562
Durum-097,-9.83399125308529,12.9500665209743,3.73981410652057,13.6802209611456,1.54305830950737,10.5540419387066,-5.31265407334366,2.03614790296757,-3.48015009174779,2.89952495397307
Durum-098,-11.1983126391038,10.3652268587776,-0.514001781190026,12.2272316863124,-3.26750286470664,6.40269633271555,-6.01055550172872,11.7234255866501,-1.31093818465478,-6.22870855794799
Durum-099,1.22584664624971,-9.89199905971632,7.4914636952822,6.02958589336087,-2.91701621250685,1.19754904985563,0.451243823305789,-4.64353081562332,24.8768206464121,-22.9600777094773
Durum-101,-10.9868905713555,10.6053206763323,-1.24663812558818,16.8025854792609,-3.41717070444672,4.97573527931512,-7.48437893625523,9.60448803936313,-4.7493654465374,-8.40995488411851
Durum-102,-6.1879713500011,-8.56423547035134,1.39970102385288,6.52195564169134,0.633315959752473,-1.83563012913334,4.60600478901459,8.70015572422603,-1.64345011526461,-12.3203254165972
Durum-103,55.2735568212713,18.0495435507343,-6.64167524157051,-5.47770623529511,-5.40908194212258,-5.56455100118725,4.1222712588409,11.8746698702695,-2.72891214639819,0.731544673127127
Durum-104,16.8429983931858,-4.3501648023062,7.86055855415815,6.03869062661157,39.123288305617,-4.02463755874739,6.52013568965073,2.10691475775909,-2.90046715349747,-2.95118619042835
Durum-105,20.1701183554003,-3.80228986815921,7.11343968562162,9.46790781330377,42.3350921668239,-3.25940873219978,8.1156141285031,2.33219916460909,-4.47805797763039,-0.502389954381493
Durum-106,11.3489494448132,-10.505459490228,17.7180254584367,-1.25629915647996,16.076196716757,1.04462963484918,9.9343068349805,3.1656240430296,-5.00831000331752,-0.806762083085311
Durum-107,2.9748418149641,-25.1503685887605,29.3956052517307,-15.4413352242102,-9.87251250607266,22.1286764210219,18.4938648769878,-1.70454022077257,-5.39861170537785,8.14732232964869
Durum-109,1.02140956384274,10.168970940214,5.40021328352134,15.4110355360484,5.3005175361852,15.6812723793079,-8.39362005070425,-7.60657875827158,-11.7973488539223,3.26634718767171
Durum-110,-15.6528086403893,20.1803028587921,3.49592701870097,9.4436900741354,-5.04089623697815,10.2337661652174,-7.08226998420563,12.9534728929881,1.4926123034449,8.751665874667
Durum-113,-24.0281808676591,32.1795421216427,8.53548475512985,-14.490924756727,-0.814144017272624,-12.8846005273869,3.42850891583544,-4.78848580535682,8.47240744242678,10.8197844552121
Durum-114,-7.88241549968797,-0.797845620004244,1.23251827004991,10.6845280700017,-5.36783780142146,1.20733172537891,-1.02373860672861,0.297478442457567,1.90172387967117,-9.60633922593823
Durum-116,17.9881524277625,10.1988973045596,-2.86593935087002,6.17849962739225,1.77927167816993,10.0370957652339,-8.56861798833484,-13.1295003515677,-7.03602626910751,-1.32560197527399
Durum-117,-7.8982950352943,5.17916337912556,-0.985562555085388,10.6473269751091,-2.66658371658997,3.67900065738412,-3.58830778980212,-2.77956164877341,-1.31138548570436,-7.35991444188478
Durum-118,3.89850723948744,-23.1841776034277,17.9274693158674,-6.79527601745757,-4.89012500124103,-4.57580891667794,-8.64130996219156,1.03065660006886,-1.88802898087464,3.33798885458445
Durum-119,2.38787553518786,-24.3224177177634,26.1436475781111,-13.4895398447622,-9.71114887783179,15.1452780192408,17.0838564441898,-0.470422291561815,-1.99630755833481,5.04449480302718
Durum-120,28.8283388589897,10.6089479716264,-2.3525061191713,8.37738201794837,0.180742027614611,6.2863498153715,-6.6475347161762,-21.4098671317709,-7.5493819689612,0.106044438305925
Durum-122,-4.79523378152573,4.28642006080324,4.37234927113432,14.1379897406855,-0.402872607139662,2.94060115015551,-3.97948831402692,8.94537968766103,-0.300365033827683,-2.78284058194829
Durum-123,-7.0032863329138,8.99171747912414,2.38838442348122,15.1026351495494,-0.864900408740372,7.4614725583329,-0.459336294237955,7.87185111795389,-0.690447121558088,-0.0171052492386296
Durum-124,-9.02222851813795,9.80435902232369,3.74276597664923,12.3429598469605,-1.87105449410155,6.52255102456133,-2.8710010457197,7.04961818063816,-3.30626743291409,-0.0437348484601333
Durum-126,-8.40736348685983,-0.655176013985935,-7.63595159382163,19.5961272238884,-8.56549316978677,-3.84051720700815,8.99328812447886,-10.1535460768961,-1.51762258356659,-3.30333778166914
Durum-127,-5.10161904684312,-2.97712403349858,-7.64734733089511,13.6168763499634,-2.76496624204608,-0.583065436677258,-4.23657490096349,4.78373674151154,-1.14856395559416,-1.38197850599038
Durum-128,-6.24468281977179,11.0770070185472,-2.19878838610137,12.1355755450944,-2.68357388404346,7.60621431479071,-8.7317903303157,6.46213586707936,-4.87733265558299,-10.3548145735471
Durum-129,-9.55487602310769,1.26040805435781,1.74385170859322,6.01838486551235,0.298417391648875,4.35556201447292,-0.248248569618519,9.74734674217718,-0.872968761934388,-8.9650987123226
Durum-130,22.9829197090864,-4.46297064364896,6.10352523306399,7.13842103964176,47.8736952863769,-1.21691988182701,5.12400590405071,7.78918997007779,-2.51648320195915,8.19638564268847
Durum-131,16.8908114010981,-7.3877746936922,6.31277021491981,7.03923794943412,28.8965192044086,-3.17493587726827,-0.794922935056277,-5.19785415623123,16.103020705001,3.76934524004455
Durum-132,24.0673993563253,-6.09269859644679,7.07023488785764,6.14775498950844,46.644452604686,-2.63824154995703,5.42072608096636,7.93433450132746,-2.40610877589211,8.75770279738212
Durum-133,-3.66385962484721,-12.4280468419173,-3.58661161484967,8.38795736096946,-2.21863641254827,-4.74853283785179,-0.362125015165793,0.204918973125345,5.53305745456489,-6.80036883342375
Durum-134,-1.35478083399117,-12.1384813197956,-2.07924527566317,6.72232624571114,-2.41050960370902,0.337078113383023,-0.643103996675163,0.553204253348889,6.27244027408431,-6.34591917659773
Durum-135,-2.73601051993211,-12.8570248537454,4.94758226374102,6.79732403089816,-0.766536387426156,-3.17992274677076,0.764952723595308,6.27270943129719,5.54095682394885,-8.71487038697043
Durum-137,15.0259987893276,-5.46789543634227,7.23216903338654,8.76501849442133,5.72678930220777,1.83759956351225,-3.81032697734341,-19.1023011346777,27.5674578457636,3.14302885037268
Durum-138,-2.01547897785493,-9.7518212775758,-4.17655702801212,10.9696273187163,-4.76789762520745,-2.04794305897954,0.983262751625563,-4.58433426357029,1.47802052737606,-6.19963024733998
Durum-141,0.726573130629917,-15.5048640096072,20.2458935420053,-7.20436159886431,-4.16370249676006,10.3506860563787,10.723987246548,2.45121173010547,1.11094685255791,-4.16330018406113
Durum-144,1.46537072621188,-10.3985150920657,6.71985299984145,3.30857395345631,-0.0942770514789866,-4.80325928069968,1.42223139657635,-3.12206022887178,15.1218911738399,-11.1042029982719
Durum-147,4.83809966883116,-13.2531490401623,12.0424792348901,5.19616830445892,0.00236514889342632,-5.87194583505768,-7.54606723270359,-6.86885872404907,13.284223546027,-3.88689612170891
Durum-149,-11.2221036513421,17.8235230505622,3.30017048042661,12.3090532797611,-1.78978167347208,9.81679303521367,-4.51092637867334,4.73785225718454,0.744258745971358,-0.826724196567157
Durum-150,-10.4164369421429,12.7585252365317,4.63056698250021,16.2672525512803,-1.47930612805008,7.29487753623079,-3.7575546306715,6.2232173714208,-4.42721451751252,-0.0806913379415935
Durum-151,10.482860012337,14.849316913623,-0.587052247571594,20.0055613722506,1.46554110809523,17.6111199828799,-8.69284867929933,-29.4418351107312,-18.7161925984173,3.27292756485326
Durum-152,-2.04949292700391,-8.45989085399996,10.5228165188512,4.35166122613101,-0.428199609957104,0.266078526960353,-7.00734738116774,-0.0791022169926529,3.70713853274636,0.305578711976705
Durum-153,-6.06389505120151,0.0460249172393719,7.93389803221216,9.23167869400904,-3.65951240626018,3.0612539071391,-11.7915860961339,-3.94029396778232,2.20764170045992,-3.31467060331221
Durum-154,11.1380105952996,13.2576899001975,1.75283792120086,21.1756937264616,1.74773932743356,17.6379465927683,-9.54980262829003,-29.9759537084588,-16.112909931303,3.470116752242
Durum-155,-11.2190530532039,17.4180632726629,5.0933390665733,11.9189355109639,-4.01327905321883,8.36972368589828,-7.1531633563651,3.26971657566856,-3.23995989166891,0.595632357882989
Durum-156,-5.41111301368808,-15.4114305449747,-10.595633552864,9.09925247437137,-0.831166888738636,-12.6891243711944,13.0137391597639,4.30081812847132,-6.62516286635421,-14.4623579004043
Durum-157,-13.3611097404034,11.5058632256564,2.30715569727144,-0.671238287907615,0.999499126188282,4.96963092794535,-2.56538938015045,18.3260923853632,-2.74105303741535,-5.26501882322478
Durum-158,-11.1129859335465,7.64911490829566,-0.766227985160237,15.2231211718246,-1.56769160947572,4.71575575337407,-3.62283499923261,1.74322994542583,-0.517092372570769,-3.28640574973977
Durum-159,-12.5659773993715,13.2387571582691,0.953971512702728,14.7365287953577,-6.07024295881048,7.99929318690399,-2.62856662727956,2.40547632050261,-1.05172421397171,-1.20957753991746
Durum-160,-12.2376275977465,15.3159473911338,3.21151244455651,13.9789411624163,-1.76280348730384,7.30567232569334,-2.56327265969063,-0.77690289528802,-1.80740011844205,9.2990722557645
Durum-161,-8.74668400149274,12.1411570960947,0.108872733109524,14.7028810645169,-2.64191156907383,6.54609780335427,-4.33586494397075,-0.506915044288662,-1.59949050237024,-4.07278854320077
Durum-162,-17.0868602500782,19.4637529495292,3.29335299027929,5.71179126278266,-2.02219466822352,9.41859482392095,-4.01917064740696,16.7044146705662,-0.0276940165236739,2.57201568137007
Durum-163,-8.48893695665742,0.339969568096614,-5.47555092796635,15.9893486327573,-5.81650419082607,-2.03047223170911,2.15956893290957,-6.74773086116265,-1.63319404063035,-5.46207462057335
Durum-164,12.2490898758278,12.5005429698215,-3.06315439566142,19.339839055603,3.05657282651737,15.4682821132555,-10.8819772286129,-30.9895719416665,-15.0239201568799,5.01293375390103
Durum-165,-9.00372802491784,11.2137427294975,1.34397528637282,13.7353811665745,-2.27234352846371,3.87495611312138,-2.87713137533919,2.72531779887733,-4.38685064498138,-2.02686271685346
Durum-166,-9.01538181048806,6.57143125167841,-0.33998206401792,12.6376394728305,0.598367342970643,5.49199381930086,-2.36552656170119,7.5973450641567,0.10558921716042,-5.7620333706715
Durum-167,-15.221566728951,19.5286666656832,1.55141024835317,1.42913986757793,-3.22050288872846,-3.26857002536821,1.4937279806204,1.23882127973445,4.4483192598275,10.6400679561754
Durum-168,1.39122670024655,13.4631669960896,6.16667700708699,16.9087241545153,1.92519055852094,17.163256282758,-9.80769262587049,-5.95264957299547,-12.0020041911166,2.20137262902002
Durum-171,-13.6396459161482,18.4334322571086,1.65427843552083,11.4005384826451,-2.84454944010876,7.6132329612656,-2.9902432387269,11.4037327644322,2.54842425242443,3.24214515084587
Durum-172,12.3886981972695,15.932873562904,0.0741948119152779,20.7312576021299,3.4336736925205,13.7863269487752,-11.2472672260329,-30.1102136082653,-14.317340658368,8.31809501435089
Durum-173,-6.12401693843058,16.3250674250817,5.6751366324761,13.4335140409773,0.671135571609247,11.409646619768,-5.57463164552788,2.02098818269021,-5.24366206797458,0.708503675650141
Durum-174,-11.6997108596968,15.2276597155132,1.66758224241453,15.3568742486353,-3.72537683938572,5.01433261664793,-4.44048000598873,4.27355892406957,0.0343923926135737,5.74554324911085
Durum-175,-5.3470202004113,1.91929350783544,3.0246492247811,13.2779725876716,0.0662127189623528,5.67895221358908,-0.0684187269435742,3.40981031627186,-1.56735957099848,-4.4789624776318
Durum-176,-10.7267661427448,6.76409802258027,-2.15064102300819,12.2599208439057,-4.19442328568007,4.53673105825774,2.86211262210578,-2.5091043643293,-2.21513146796818,-1.46025586331284
Durum-178,-13.9917403272202,16.5964236206206,4.67309007149687,7.92452141788813,-2.32970365301881,8.81801905991351,-2.13176958275126,13.0674726310987,4.20941599079178,4.00353192337977
Durum-181,-0.95320059065659,10.1593198930908,3.50804556409936,11.7257174711672,-1.56633487040469,15.9033029102345,-8.4308478985989,-4.36200915528936,-8.62259777694787,3.23875356731814
Durum-182,-14.1448320627974,20.5028158226306,4.33823758301825,10.7908301851874,-3.97622277839999,11.8571450323061,-3.78731835935563,13.277793216892,4.01904491603771,8.5199308405761
Durum-183,-15.3756850053534,17.0422908666855,4.55913418218072,1.85380053632346,-5.76016557536187,1.65769877679095,-1.84138337645778,4.30251618896791,5.52097319795678,4.24584361038332
Durum-184,-1.01592285960074,-7.63040404024832,0.0327185353399352,7.06345180574444,0.422938744555546,-4.77691088752915,2.57485315910554,6.73496508776512,-2.42147279395165,-11.2232996452483
Durum-185,11.6489140164263,11.8064635145247,-0.877801163004866,21.2142781802788,4.07873566700076,15.2716421581842,-8.36698735629416,-29.2091142505837,-12.5461138733368,6.53686347667295
Durum-186,-2.32622375805569,9.73482268588976,4.07871913281289,17.9453012546066,3.66082004535759,13.5835595699404,-6.48522204881269,-7.26383574474306,-8.06184329559417,0.534056054036484
Durum-187,-6.19673699485046,9.40080054567237,2.90856746472775,11.7957340595221,-4.39908803508792,10.5022702436419,-4.91099580950055,0.431338255519326,1.3741647538832,-4.64002180585763
Durum-188,-13.3360263855811,18.9418567105811,2.81568160611597,13.6411319271342,-4.26933229129642,15.4667320637815,-6.38487504279587,9.76582047833563,-1.22297871178833,6.6938186365314
Durum-189,-2.23983872548279,4.30834002080623,2.50380532022245,10.3304594328195,-1.5303200888065,6.95571380539471,-2.92021555844112,-0.297607874875114,-1.87774093118943,-1.10253622959736
Durum-190,22.914569494294,22.4905527059143,1.28743404294376,-15.9484655428677,2.79365558114329,-12.4834044997989,7.83943858890286,4.08592683127822,-0.248721858235348,1.49638001537421
Durum-191,-21.7487285946435,31.0694554201527,10.9362089343745,-22.1375440047827,2.456871460478,-17.1992417025245,3.84082405446919,-6.24959046535324,1.04946393253397,-4.1973709078157
Durum-192,-18.0007489605312,21.6678371986413,5.20538888204578,3.62477919522068,-2.68684878675316,6.07002420999773,-3.34918201286394,13.776547540368,2.99435748237528,4.0083669186257
Durum-193,64.1777442490822,19.6944893457811,-6.17708188656037,-4.64994365010862,-16.7585811213943,-3.93614186867889,0.891476667488959,3.43711840383552,1.59864990003407,3.43017496818826
Durum-194,-10.8066275261499,12.3052109064952,4.10448366262827,15.5924750706366,-1.28326694968342,7.20779288270537,-4.28451428975235,6.41029793005397,-4.46294665308347,-0.0472984129045532
Durum-195,5.1034084519928,-20.8921520097109,17.3404652689956,-1.7752060696284,-1.28062131909576,-10.196305582115,-11.6120880894685,-1.46588005790723,3.89422103099423,5.55311833073992
Durum-196,-11.2214924365089,7.96312024774331,3.52777783195005,2.4477024867219,-3.3000433728875,-0.974617013707791,3.75894753709377,2.46099558751103,6.89201284317292,-0.506979773001186
Durum-198,2.71671793796655,-24.3406947728335,19.3918625442179,-3.03196033926216,-4.5985099298459,-14.6008668026685,-14.9402497565352,3.7830575812021,-5.70175147371812,2.35429369816306
Durum-200,-5.27674861766052,-3.42216504174668,5.215095664184,8.13417049030247,1.51262948319166,-0.0603475447853508,-0.107198179752451,4.11571367371385,2.22789059211461,-12.0452916755947
Durum-201,-11.3077553768585,5.88582883967706,-4.62880491396921,12.9439858601777,-4.38512873786217,-5.06922418048238,5.25032786201379,-3.01077163646108,-0.399081005166175,2.31167077922461
Durum-202,-1.25729382234437,-1.61615348316815,1.78283320966049,10.5011810097524,-1.06619901196204,1.97087732793762,-5.19488794355668,-6.70474997855666,4.56666717529547,-8.72560319816766
Durum-203,-2.24567978390527,-5.90918094219122,5.53374464764528,9.52808514605156,0.207915791991784,-1.64828674538644,3.25136216844938,2.03571533291807,4.6574697055772,-15.2008339148413
Durum-204,-10.7061911435837,11.4039328698527,-2.68146438583361,20.1666731831332,-6.31706026956672,2.63965903801198,0.814049069411973,-5.45280258241108,-1.80621938292877,-0.831271256228699
Durum-205,-10.7404586070154,-11.1946157838732,-15.0036146977945,16.0296408635144,-8.44872888553865,-17.0105132119765,18.5373124166902,-2.40343773857696,-9.38386006354241,-6.0218762766865
Durum-206,2.48259218230099,-24.6212690762315,28.870512473672,-15.5299679040438,-9.25233243636923,22.0030859473847,19.0637609880214,-1.10472677748166,-5.24667206316389,8.43173599604422
Durum-207,4.17509263735469,-25.8028080754367,23.4535875664139,-17.6240354404868,-4.51610004264144,17.2764628741155,12.4571708704246,-1.90487829501791,-3.44304732615934,3.75424989809241
Durum-208,-12.2557040618232,8.66516761292508,5.17674336039832,-1.56786459535845,-0.22075355401867,-0.0686100886642457,-1.2759599467632,5.17086161716785,4.57552700691488,2.838569348255
Durum-209,2.29812469710121,-25.3092895150495,29.5319670312463,-15.7309007232983,-9.77348318801652,22.1890654133505,19.4412472044625,-1.12239946630602,-5.13399649090813,8.47178459999229
Durum-210,3.1420585918612,-12.3549796952245,8.67474524495784,5.26475228889694,-2.41799348322601,0.508848135450829,2.44977263158823,-3.35751454739469,18.1142738538008,-19.8504697872674
Durum-211,-17.1756621317025,24.9687526614087,6.67671480697858,8.47021862068373,-4.42730709160621,10.2610230252276,-3.99892293909622,19.7404453439053,3.55583393906471,11.633384042546
Durum-212,4.87162250767593,-22.2143201218351,19.8152250774008,-1.64383797926009,-4.9093847392786,-14.6726154304918,-18.6937375922006,2.02569909291662,-6.32758406845581,2.27352369963266
Durum-214,56.5119369657285,15.5841777634734,-7.75219770737521,-6.07109483965411,-2.96728697609499,-4.76215523577172,5.84614360542078,11.1556010059459,-0.563979119411519,0.149266534923976
Durum-215,-17.3022715759629,27.6315411411444,10.1672507333881,-15.5497332932476,8.61142593322413,-11.5220997606786,5.61972077975097,-0.310253345175365,3.04679281221253,-1.54625597076186
Durum-216,-18.8041982445186,30.8117846848693,11.3472430200612,-19.5445949186815,8.77099689899408,-15.4556702689211,3.60509468546331,-5.27490972330718,0.436536076415517,-1.95752880252099
Durum-217,-15.14419342092,26.9558435009753,10.3294634738487,-14.4310495144431,9.7406822060115,-12.1025255437962,4.84323675734128,1.22783548402803,1.77383934086959,-0.0349486638370075
Durum-218,2.59605759055659,-21.5222553468621,25.672608009986,-13.6865119675467,-7.57558846775474,17.580568880076,18.5146540501686,3.13755210525145,-1.91077557551599,3.06487911389785
Durum-219,2.62634851057597,-21.5028146130405,24.4404248769966,-16.2621196496536,-7.88955893239717,21.2810896291146,21.2680271758387,1.15772245359647,-3.6638094334028,2.85462448000744
Durum-221,2.57227040883684,-26.2316447137703,26.3869338033392,-13.9515270579303,-8.04450484690457,15.4825520683848,15.4855622788045,-1.88828712274701,-2.98373989999739,5.77125203084657
Durum-223,2.53238409357228,-25.2495924963882,28.3437170406351,-15.2924851458238,-8.03069059944088,18.6302951768185,19.6694620598805,-2.16584621102098,-4.92443641769829,7.95991481841393
Durum-224,21.3303862765924,-4.93009641848137,-21.0375346864372,-6.55303890516257,-9.32771530687836,-2.28841378012867,-0.532653952681585,3.04227381297075,5.26673154986718,5.99677695013433
Durum-227,3.94854324091209,-22.9145918774134,21.3889293924879,-9.62630376678624,-5.31198702480794,-2.34509885275549,-4.63024485756994,-0.361952704933719,-2.20261840418445,2.64476046872797
Durum-228,22.573173211654,1.34713498434364,4.77527399083433,1.41933010848267,14.1315855982426,4.74463711355688,2.98009906958662,-5.53647832966889,-0.38852681352788,0.0621570030417673
Durum-229,-15.0219247878022,14.0323290827354,2.35537264572746,4.3994605932284,-1.91042443619529,6.23969411375459,0.320709607394097,4.61167707223803,3.55060503870428,3.00254287217027
Durum-232,1.42641708017054,-22.7391310435427,17.0609900632135,-2.96887161947393,-3.56313420821431,-13.8886148989427,-15.6484670018636,1.48157400258023,-6.93925383478746,5.07295882245248
Durum-236,-6.14369480212231,-13.5392471478228,-7.60489163289619,15.4735785717957,-4.49289270536259,-11.3349507447742,13.3027822731241,4.77278591021006,-6.37045343238686,-12.5459061635445
Durum-237,-9.65350753257237,-11.2574239399907,-13.8916314697084,15.1567547928641,-8.24258225686636,-16.2524098837969,17.9687595132281,-2.9968832211185,-8.79994300733544,-5.56463954479514
Durum-238,-8.66645405884376,-15.0521167079302,-15.8182134090503,13.3670521200677,-5.80541451144695,-16.7668508835737,21.624740265676,-1.96142199500065,-6.80859780734554,0.0760108753015528
Durum-240,10.0306276301462,-5.1817127664166,-17.0499854092643,1.21579982610087,-1.39225285600305,-3.16411471704093,4.97447177705829,-6.26771229302126,11.673367309223,8.44081169179734
Durum-241,-10.9685539781811,-11.299604233602,-18.730756036751,19.2052677611651,-8.22019410320355,-15.5632704153398,21.5190404442636,-4.28007710080008,-9.87315135839358,5.61900263798799
Durum-242,1.63468252859881,0.272558666471151,3.35909000321093,11.9804095908779,0.211192166611222,1.33321422242325,-1.05109653442734,-6.96842216139754,3.57472053565722,-8.57697516257233
Durum-243,-9.15813413316301,1.76163239868426,3.92158060789318,3.35162497476794,-2.84500185019453,-2.62417686728082,2.11107215348388,1.02462715476909,6.39498766190081,-2.45537027302893
Durum-244,26.5879030375184,9.5439285079799,-3.62725379842409,5.88951086314521,-0.200999394972122,9.60486074603269,-8.12700060515528,-18.7944873452582,-7.66645140667493,0.216920333507307
Durum-245,3.06592913439354,-23.5660940829269,28.5059613332672,-15.0195290226393,-9.30100152300962,21.6451972066679,18.7720568773362,-1.36063263800873,-5.24496739374591,8.3179033593886
Durum-246,-5.52364712253336,-3.29356388543577,3.80138464227127,8.31644261948638,-2.57975774330551,1.35441014546033,0.230815739624599,2.08362101924893,-0.753509872706016,-11.2184854240193
Durum-247,-6.87185417973402,7.81993096822358,-1.30191180728022,15.2582236664649,-3.46849366810089,6.06758462918482,-2.49231491166859,-3.10874504654712,-0.0971185500674449,-7.93771584936481
Durum-248,-10.2619803718668,-18.9481671455102,-30.5364561362797,5.74285112544601,-0.105454470642578,-5.16399684658368,1.6575836940218,-1.27871955998819,5.12365941220428,17.123086294965
Durum-249,0.00325051236420467,-17.1636289609121,14.1750629169903,-4.2005302344783,-6.69856238384989,8.0972023024869,13.6577909535379,-5.07870260624843,1.39492082163277,2.86290875987405
Durum-250,2.1921847387408,-7.06115399448791,9.19721978097391,5.05697093903552,-0.365415508479558,-1.1471845020864,-3.24082940587442,-11.2373154968937,14.6618309670445,-4.46753528669565
Durum-251,-1.89304803146857,12.8373010954334,3.15051872414091,15.706378369732,1.59463241255415,17.7599322148263,-8.57491406882965,-7.18245492612278,-10.4616265746005,3.78000709701245
Durum-252,2.04206176862278,-22.5425963912109,27.7036625409786,-13.1482908230228,-7.89153547607438,19.5788804917647,20.3171335665448,1.43084545629591,-3.91137370126896,2.40959192053222
Durum-253,19.51592713687,-4.89558387958346,7.84922464316204,8.9362229709162,39.007376893832,-2.41675574095589,6.73498010513407,6.98628400361403,-5.29861467487746,-1.78392844488469
Durum-254,-12.2055688077501,2.83968660768259,-7.15512260752452,11.3210670835421,-0.281547578258542,2.20573421395668,-6.98556359177937,5.94317724356068,0.42345622673466,0.461835756609367
Durum-256,-7.58167036950862,-7.71605923951251,-17.7100025591239,8.54213364329476,-2.25109215747026,5.14422792582764,-1.24594939346774,-2.66113724722188,1.48867195036247,13.6306656834686
Durum-257,-6.93538446295379,5.82343313855015,-2.63714443454913,13.7851050283415,-2.70218295030859,0.555873899396612,-2.43804885126577,-5.66608744072924,-4.09903671870171,-0.952263672753463
Durum-260,-8.35600446455506,13.5344228488202,0.0675853088976938,15.634943652074,-4.9428844548463,8.38408977572958,-4.37281157853139,-3.46581425306699,-4.67586927613916,0.810009396052169
Durum-261,-3.41240205948229,-8.8306837625623,-5.75675142141624,11.3747880008191,-4.54209791963041,-6.81263451753722,6.81696388665834,-5.08885610136393,2.95158840818158,-3.26252452000448
Durum-263,2.84229579885624,-14.3099067102976,7.80623762925104,3.88414435426813,0.164448782567078,-7.04062071177709,-5.38171390497924,-6.65585208165041,6.1102595221626,-2.21924638619061
Durum-264,-16.9333693175822,23.4863745083828,5.51327020556743,9.19207369803896,-4.49454779166647,10.9559468012168,-5.24808533989476,19.1072468482071,4.46810181186574,12.6048480530287
Durum-265,-8.47971692196005,4.56039596383211,-0.447912134418091,13.3228314449194,-2.93260087653715,5.66665487608031,0.194288944785707,2.38412444280349,-2.69195268323554,-2.06757567247649
Durum-266,-22.1644486764805,29.081504694819,10.4782943652264,-15.0269924906758,0.213735535271115,-9.77494202209328,-0.432848496211781,-0.679009241536902,5.36016757108165,7.5215728003879
Durum-267,-16.9255437565707,23.4057847214098,8.75314568460438,-4.3762302248668,-1.24792719556976,-6.07156179297353,-0.179566904295135,4.03795668860069,1.20610331103422,-2.39761623048366
Durum-268,3.43700117669398,-15.4016492317875,8.87619286045687,5.68755811962328,-2.93583437227228,-0.30288284840934,-1.18478450204177,-1.56596373409728,17.0486282887733,-16.5697355998329
Durum-270,-10.9675174259459,-13.1256592222188,-18.4839926655132,12.190765156511,-5.52376640911322,-14.9254982951287,19.3201805581744,0.96695255670663,-7.34391753469191,1.20103051426132
Durum-271,-9.37072343946563,8.83846977082985,1.66889087559131,14.1617629428887,-4.24029289922183,6.56232382144331,-2.84985302702172,3.71703168271395,0.912144914247856,-1.67206600349235
Durum-272,-12.1950746839694,13.1192847336578,4.04303114100671,6.06483305404171,-5.55337394878002,2.75854705400141,-2.13692385229809,1.37402708325548,2.34627916500863,-0.735383135628195
Durum-273,62.1266953914975,20.6857670985951,-10.0978431815663,-4.30513911233959,-14.5648599114664,-3.07999178663031,2.69513410357274,5.96734356981652,-2.42688853889175,-0.981286788606253
Durum-277,7.01461840570265,-3.68965336635851,7.11549635666469,10.4207023665933,0.997393215414141,-0.204553500589855,-4.88186738653994,-17.2737689952783,22.2202969308353,-0.852135659219689
Durum-280,-6.88236270675048,-13.9027992340717,-19.9542356997708,3.98590299905866,0.802649246988546,-5.65009061591353,3.85479763366848,-1.67244348279145,6.01283140197075,11.8474509747176
Durum-281,-5.78817364988128,6.11366584114889,-2.09727274109179,11.6224940129259,-4.94688668428875,7.63574966806302,-3.91482344702464,-3.88176973836872,-1.88909725470842,-7.66257687626759
Durum-282,-12.1937811641886,16.5241058690433,2.89353459760253,10.0780786010661,-2.53797949079629,5.7501014385033,-0.825195280142552,-1.28544499689551,-2.08799958780959,-2.99477371227591
Durum-283,-8.14915409223629,-16.7907435417666,-29.0463581567766,5.08048691232362,-0.478905192237852,-5.28198180193682,1.70667273054511,-0.268371384245719,4.77613761088847,18.9571914717634
Durum-284,-8.7325003422701,-16.8282585973379,-29.8025378569702,5.72074121033455,-1.30241594640911,-4.27389368369215,2.61047208866068,-0.414864121133303,4.40532889450768,17.7851755510232
Durum-285,-4.49018302599553,-14.0026551641625,-9.82994213140702,8.02677682848888,-0.743140421901131,-12.3636026027122,12.8799686407786,3.73010083288594,-5.96713026784173,-14.258620604844
Durum-286,-7.24396184694197,-20.4213017033254,-34.3773418772782,-5.6079282560389,1.1112820170651,-0.58264267151343,-2.02902511703974,2.41934731960809,4.50529674563654,12.462128491563
Durum-287,2.02711534467871,8.49798797869174,-0.561667374873096,13.7220841214919,-4.01192710885581,3.64476563294518,-2.50503728353278,-6.77724854333497,-3.85327851241893,-9.92798790642303
Durum-289,1.1127591417065,-9.83354918982062,6.5783546905211,5.45869563841537,-2.73803330030796,0.910718643273058,0.294899227123774,-5.19778734960527,24.3823367342764,-23.8016045729932
Durum-290,5.86997086385366,-14.043447527243,11.2449767276023,3.70618888832815,-0.421670398344981,-4.88415814752229,0.0932888572334367,-2.45368655141769,16.5208107795022,-13.1853556409659
Durum-292,-9.13871895082306,8.74686902512131,9.29250922316075,5.53013486875839,-3.44293574820633,10.9775588993381,1.18610046840977,15.3012127239386,4.06933595122609,4.46989017711664
Durum-294,60.2293401311648,19.0535503429917,-9.18814372511095,-4.34975561919502,-15.5715327848502,-4.84182842876198,1.70777339189376,5.51328783176137,-1.38625850739178,-1.20798029469724
Durum-296,-10.35468359315,-11.0741364359323,-17.4007907384972,18.8335387086562,-9.21863593684133,-18.2931044421432,20.453548977889,-3.18357333503565,-8.82988000237832,-0.426939518044884
Durum-297,-4.17805029574619,21.2172764421178,5.53994886866548,-13.1647048183175,1.69044871703359,-8.61323076210201,0.973444438857765,-6.97729894095017,-0.737811366803201,-2.3996325456135
Durum-298,-13.132234241692,4.99170175355968,-0.883952838232334,-8.37352757520866,-0.384384481143489,-0.742384079863171,0.939624070688331,0.938497761245149,6.14663100681136,6.4590798651844
Durum-299,-10.0629442268349,-4.52107156691713,-21.7281573577377,-3.18049598684688,-0.564878983456106,4.78983484254245,-5.01627113872112,9.16275997269048,2.76234091012734,-0.918734611249607
Durum-300,-11.5095960798324,6.40161976397794,13.0985125146401,-7.10832901251169,-4.40255673049884,5.19478097420013,4.93081319139852,1.98069676878347,-6.46887044585849,-3.35384162073091
Durum-301,-6.19006619632297,9.25155402204308,-0.926689131124982,-5.62128715428373,-1.43305920968974,3.65157589507239,-2.08626293384912,-1.1473769859722,10.5188271286046,12.0789153689165
Durum-303,-1.85490197850268,-6.75925873411795,-5.907056263403,-7.54700007612979,-1.25632749923161,8.20353567146852,1.38142350746317,0.375901249315855,9.25863904506733,5.44712093087077
Durum-304,-4.08917221864409,-6.59848379002109,-3.81783379728383,-7.2470149725654,-2.26287345112319,2.52217160135494,6.55896739627476,-3.4764191275779,9.75379881325635,8.19399447916903
Durum-305,-6.55068688670732,-2.1741396716931,17.0816112967484,-8.09600850784303,-6.25418957050097,4.51903005913964,9.0783733233701,1.84343318580086,8.51783613364186,9.72416674002953
Durum-306,19.6942854482676,-4.45206937740169,8.76652865900472,7.8277991082403,41.7735813974846,-3.16895139375684,6.56405474552997,1.97142786312323,-3.56457914822664,-1.15773531781715
Durum-307,59.8939569880637,18.759933073948,-6.52180466909864,-4.20002898791877,-10.9425051282319,-4.29096930335457,2.33239917622404,8.70374311582037,-1.99268998684846,-2.57363480181086
Durum-308,-5.96129409419904,-21.8691474557805,-37.4099268576502,-9.23805382998558,0.885375032353821,3.36831915260192,-5.26722053859389,1.77787574806236,5.45846264621911,8.98515456585342
Durum-309,22.3945301479174,-3.26791422124255,4.33029243595112,5.22244238389708,36.1359490718568,0.762796302909452,2.96539027449475,2.26334312817556,1.62793498100111,4.65675322247716
Durum-310,22.099254455809,-4.64408441423322,6.10101267895267,6.83627905407388,47.4687292556756,-1.59551318164139,5.58504759355654,7.62597364634377,-2.56654815112629,7.42988866154252
Durum-312,-13.7192133783607,5.10157115630659,-11.4319490415521,-19.9143371321839,2.5483312964939,-3.35539166641348,-1.83684680690975,-2.55645381750802,-0.188504038908343,-2.66838406679624
Durum-313,-16.819156397187,25.9816738393673,10.0081604535178,-13.7689167452309,7.62688289861456,-11.8193526508533,4.56971001284531,-0.482394022466301,2.17363813410727,0.395855618900902
Durum-315,-14.2347175618424,15.2477461112939,5.55852687313753,-14.6891400835056,3.37311650491769,-2.41622172447867,2.15370113256204,-5.93939217266434,-6.19220487140659,1.20246758040835
Durum-316,-9.51759766468041,14.241620299921,6.91107085239985,-18.8092346680941,3.14360367463164,-0.854877483003503,3.66011071910727,-4.83083544159496,-8.02958395805841,0.371717521943559
Durum-317,22.2154738120975,-4.07407069044519,5.21069263751893,6.5821759590423,46.4249009459943,-0.750777751039414,4.9988635700258,7.55362296965575,-2.50114564737342,6.91125520254021
Durum-318,-5.61106062856582,-0.447598628663643,8.71969373748212,6.26811809888319,2.04467962147959,0.775078533957138,2.47707747087537,1.7838941111694,6.38885750191168,-13.9047909528708
Durum-319,-3.17988372152951,-13.7123661357312,-6.843481123981,10.2754151825895,1.27469045972435,-10.0252186202959,12.3135790729253,4.96548077825511,-4.97464551385893,-13.9258715043745
Durum-324,-19.8192931270601,28.4186368308734,8.89425466512974,-14.8638636252484,2.53936878585361,-9.84331987371197,1.50928717115329,-4.47893828717709,-1.47746346815847,-3.4890122702908
Durum-325,-5.78410314068904,-6.23442013992405,18.2959411504229,-8.42054583740193,-4.88911049305349,1.27645211955582,7.24510633974879,-1.38954191767535,-0.508878477844242,5.25188388420822
Durum-328,-2.08228796957732,-12.8063262766181,-3.81268568886799,8.48965571391884,-1.45370556296334,-1.28850267425102,0.0280558312267816,-0.790480521091506,7.76103873146571,-6.22209412203493
Durum-329,-13.1307192340247,15.5987294901116,2.19617783535992,-14.8078241829426,5.5369984336535,-8.58429057013141,4.06678336395175,-0.585473216301827,-3.31348007368319,-2.50135770455742
Durum-330,-15.2160453714414,18.3336387887714,-0.344869381828731,-22.0743423911182,7.96898218988996,-6.37197618461228,-1.67201172623817,-5.78588439859024,1.67795916705461,-2.64481468656984
Durum-331,-19.2252913633228,23.2525393074879,7.28074161337049,-21.2544261704662,2.60875387881227,-9.4494443293236,1.69087801250215,-2.60966004515754,1.9643099240587,-3.8532074579311
Durum-332,-3.04021529153669,-6.5011243326706,11.0748056242432,-1.07706605462977,-5.26668719589134,13.862177517718,8.44395230315191,10.3227315725357,-0.935039767722952,2.42321746580093
Durum-334,1.30927181697853,-12.3686180820768,6.33799307804132,3.90806562256597,-3.31184927608969,-1.95571765893836,3.45901632625131,-3.33270747105557,19.1391759074164,-19.0458022828866
Durum-335,-5.28660809156139,-4.52363557161311,4.42215414667014,8.13544264049835,-1.43591219066979,-0.156513228074821,2.65094013357714,6.14778002853863,3.02158906755673,-13.985932300968
Durum-336,-9.78184903254611,-19.1436917390716,-31.8360199474104,2.21620383731917,-0.183904545608698,-3.17221026859333,-1.16859074263904,-0.141009894406208,6.45505988945971,17.2507934267378
Durum-337,2.13237032914237,-21.9607698710925,27.1939840907787,-12.6767676688668,-7.36377115932614,19.0276429578669,19.7188641640247,1.11054719924931,-4.88958931641533,2.23432895182532
Durum-338,-11.1653076502252,-4.55539103138892,-22.92882995689,2.21390379499574,0.651471993284109,5.20934566149108,-7.55085212845325,5.06965462189454,2.6949662795859,3.26753256550444
Durum-339,2.9089336036856,-19.6762232797407,18.7942918036168,2.78899535993305,-3.95123896355592,-12.006462172787,-17.5762474631563,0.753819853747944,-1.29031579876855,3.36866036634868
Durum-340,-9.52398907302667,-2.07487142149668,-17.0939660590545,-12.3647139556901,1.02990278833993,1.19807659521024,-3.13814961968849,-4.0270537311148,8.01074505300977,5.54069926332949
Durum-341,-17.0302726229093,21.1043847998631,4.03281566000499,-7.72982554497395,0.571071088893497,-4.46752346657316,3.39600026921604,-2.1489382957975,-1.34638787573759,3.22160649420878
Durum-342,-11.4829895630361,11.0221294970854,9.1830317946537,-15.3833774529989,-0.30127954444294,0.121940952638766,6.22534468270109,-5.09290919870916,-6.45914769032837,-0.191622950688919
Durum-343,-20.4850150736713,26.4867889647098,7.2609089821376,-14.3328665057889,1.6792340396135,-10.1630941147409,4.41833223761347,-3.33807469713866,-1.32905644875498,-1.91115909345563
Durum-344,-11.3717872524808,13.6702041094956,9.20366857498538,-10.1050867631305,3.10776914210575,-11.0625596270838,1.49590726391368,-6.63069172887495,4.58991177934965,-8.51604139715747
Durum-345,1.29371401830412,-23.448578709594,26.0273313122837,-15.7308392302152,-7.5144153905886,16.9077621156341,18.7654212668312,-0.369080139803013,-4.0239748490894,5.54333940409102
Durum-346,-15.0707485345506,16.3837761436832,6.05939441670752,1.28747012619728,-2.35339109241388,7.15906621660407,0.182650833598002,13.750640611978,8.67177875357055,11.2116766568989
Durum-347,1.66263550044294,-15.0761164846554,15.538682899992,-6.40075754588954,-4.80957231155144,13.3652948888093,12.5907949568681,-2.67599081692916,13.0483346674661,-7.14365159402348
Durum-349,-10.766118524154,-10.79001654019,-20.257012988798,17.9344164901893,-8.33676716132641,-15.4235026420706,22.6196606552736,-4.29291700204099,-9.65007839384912,3.89552253722184
Durum-350,-10.443034150093,-10.9430118915488,-20.5298813860014,17.9072338807287,-6.89499411680917,-16.2668447623728,21.7704937531655,-5.5998823838253,-9.29911049866788,5.56912601574423
Durum-355,55.9252815793709,17.135486591037,-7.94981900328466,-4.74192247531025,-2.20170651085974,-4.2397319715655,5.4283126780168,14.2573931469264,-1.74438658855185,0.331675409006298
Durum-356,64.1162043328898,19.9011945739875,-6.16269627717241,-5.8225860011253,-15.739730254214,-5.77254055644855,2.82748690963669,1.56230169918872,0.0911519893303151,0.215106291257295
Durum-357,63.7583253881996,19.8989873301035,-6.48569258119863,-6.32685422559068,-15.3602419108415,-5.55198324072811,2.50916523345712,1.76501638397361,-0.0505857855406655,0.365822487894982
Durum-361,-1.1014289841801,-13.4817583125213,-4.91452814977265,6.57260283446891,-4.35449366838305,-2.53441136902526,1.11082621130055,-3.76135630031161,7.5090994588627,-4.83290385726458
Durum-362,-2.3621556560952,-13.5087340668939,-3.45831939131701,6.52178508388302,-3.88672401060628,-2.28501868479178,-2.12757278041862,-1.79912193252481,9.12162219061704,-1.66967268641516
Durum-363,17.7404524004837,-4.09014547781976,7.30755237376321,8.87700484282204,37.9527324055689,-3.1594247344001,8.53473297106492,3.2705965470862,-3.35272941275824,-0.498036381234395
Durum-364,61.1973731409867,17.8103403723989,-6.84471999900224,-4.42219054922528,-16.7552893691963,-0.339173450712743,-0.858717126232468,-4.44727984720278,3.11893406345538,1.10265647329835
Durum-365,62.1966396929425,18.6190301854435,-6.56992406000599,-5.9753024172277,-16.2396500161466,-0.997141771462304,0.338300540323108,-3.47375560169816,2.39300438083907,0.484534420273844
Durum-366,-13.1018125555168,2.07848844432137,-12.024942253403,6.23130768305068,-3.56488726520251,3.98329448273719,-3.77480774236924,11.808075958698,4.11783300516656,18.3304231249836
Durum-367,63.4971232899473,20.5559679406782,-7.00838338500868,-6.33713425020639,-16.8118806070902,-3.49869484011498,0.986021788240609,-1.60005865103967,1.29968973702886,0.253954482905758
Durum-368,14.9548880857987,3.9974928613424,4.67993984007582,3.86092854649766,0.197131997964326,5.70919905949956,-0.737592949060779,-2.50018149427515,10.0285523943308,2.14250259299773
Durum-369,-5.03144438039449,-7.0612455690518,18.8894558542773,-9.92408480363248,-6.08567968306708,13.377693413153,12.5251545546583,-2.5104765364223,-7.33050510791458,-0.550224158128429
Durum-370,-8.05270079113456,-21.0771161743842,-35.7635543332101,-6.42065970259729,0.945974991363343,-0.207710520607232,-2.78016266639253,2.68436906664415,4.59718006264082,11.9589300101998
Durum-371,-22.9345740513945,27.6492919828181,6.4859730345941,-6.43572317960038,-3.19992482514233,-7.13779798506665,1.9899652199747,-0.441241475194548,12.8721631216225,17.8636010171717
Durum-375,-14.2389961030313,6.09237595760856,2.54238925100387,4.48417690662194,1.33275315738728,1.69797266385794,-0.303688667038192,12.4995775714926,0.64168437870356,-11.0412990721388
Durum-378,-6.740057639943,-8.31661759832317,-16.7762173723745,-6.93500173232271,2.16506851616404,10.5770768482743,-5.21689252986192,6.4316222539361,-0.00133809460615101,-6.91809880760303
Durum-379,16.6511610494496,9.67182328321712,-2.31795593578885,11.2023540166992,2.70220965969384,11.4396455755339,-8.81670814660104,-18.9215188764476,-9.09594930650932,-1.72083298833366
Durum-380,-8.71537273768566,10.14428238762,4.61255309815312,13.7042321984808,1.43242820421419,8.05320925904121,0.124009731977714,3.17499189858793,-0.738447738355164,0.586004014671932
Durum-381,16.3608909988485,10.2468887112019,-2.25209082579944,11.2798978298308,2.96067799313068,12.1716136357741,-9.6903173692181,-18.5211833560363,-9.45588962358607,-1.84486367957635
Durum-383,-3.45352721216327,-15.7330096079639,-29.8933637590634,-22.8911998929838,4.60570477267777,14.2452057554516,-10.6512588507874,2.74348577919757,1.42595958185283,-9.75889989578848
Durum-384,-11.9827589691877,15.911915207234,4.89864697947326,14.8937060399014,-0.809686844355757,6.63973715401448,-5.41296841007117,5.52283794904524,-0.382789732989836,1.39382034108192
Durum-385,56.6136244001911,19.1293019500291,-7.72529419670931,-4.82388189884354,-13.7666578485931,-4.64483825244789,1.80003675042149,4.71250764766117,-3.04072398793881,1.8427447249638
Durum-387,58.5279284447571,17.721265947322,-8.24348458406508,-6.56672418808707,-13.4633569111383,-3.67284695668668,2.68019179187782,2.76113775432352,-1.0678205364062,-2.27775763676785
Durum-388,20.5733313156177,15.2333681225033,-0.682427083236208,-1.90168575534873,-7.36161219062828,-1.07965207887776,-2.80467280621228,14.5102797142422,1.65900486177668,-3.01301012986642
Durum-390,2.57844327855676,-23.8653358673726,17.2525719107379,-1.68013495037171,-4.35271260753012,-8.22959340924997,-11.7971522556168,5.77185632713792,-1.54750920730919,1.86544473479191
Durum-391,1.78701434450904,-22.2018570108641,17.3643823753403,-1.57262590285271,-4.54712043198952,-12.2390833804047,-12.7836416870305,5.49370415719669,-2.3810656293188,2.75469725472236
Durum-392,3.2313598151968,-25.7875866521095,24.8633934101801,-17.8849992746765,-6.19302802807762,21.3105994361665,18.724167773813,0.886058342071682,-3.51908014931833,2.86528163773269
Durum-393,-2.56680004133572,-13.4343014159816,-29.0535369261696,-21.7472529744186,5.04233037510283,13.3833433857937,-8.74037058103308,2.40865300757966,0.063107468145533,-9.9571212424004
Durum-394,-0.65767902434748,-19.6217543545755,12.2787536107962,-4.52215723171465,-5.73867468149073,8.26787313237699,10.9515889165847,0.563699761945711,-0.0753927131438183,0.974009692914942
Durum-395,-2.01235175200218,-12.6473470691819,-28.3630802471084,-24.5643900370475,5.0558452323302,13.3861286115543,-10.415534554655,5.05412360022083,3.08945238557905,-11.5327148285919
Durum-397,-17.4881738423083,26.92923996837,1.76415573363399,-16.3291205111722,1.16698433548657,-9.93750680639274,4.68157163012988,-4.33754238693038,4.48266019114059,8.5048742849588
Durum-398,-19.7610000667026,23.1283369149719,-0.011606765277792,-13.2645505545277,-0.767663247698397,-7.38398713682455,2.26108640360914,-7.15116307497475,8.6720516733966,8.61907659119684
Durum-399,-3.79493412679557,-20.2068951497364,-31.2239397312886,-9.62476624129196,4.13544186075311,4.3505345698706,-5.65259638095777,1.20377563855177,5.9736938811261,9.92665147596034
Durum-400,-5.66317040015377,8.387641005644,-1.26863329456215,-14.5607192087208,9.03056848743043,-6.26604196881593,0.0194678205674748,-11.1196384148908,-10.800501089831,-6.39287975894813
Durum-401,-4.43755997376635,4.01296080043787,-14.0269436987205,-19.995622815647,3.73819662243851,2.31561746067016,-5.9095795494335,0.00911758347098215,-8.56501559751225,-5.9365679350486
Durum-402,-11.9074453282858,6.64898878404263,-4.78050373130286,-23.6672750055933,3.64856889784168,-5.63630431446854,0.666059995592932,-14.9954664150361,-7.68921840717543,-3.5264694762556
Durum-403,-4.33848623069247,0.813319430034724,3.94667028947387,-18.9336180846523,1.24803594046709,-0.586611642875947,1.73353707172325,-7.41514381701078,-6.31072749846418,-5.96730556920063
Durum-404,-9.83285961922233,5.25098518142356,-10.1603866414708,-19.6557333424087,3.1160523323295,1.161680424024,-3.21824318248756,-7.95920049866757,-7.61647743485015,-7.84187346641904
Durum-405,-12.2016506656764,6.73790309123833,-5.05596405857916,-23.5717215373536,3.71797440448588,-5.63018881175247,0.12957192851451,-15.0624577306255,-7.56716190499581,-2.63583210248293
Durum-406,-5.13807417509875,-0.899097725415257,-17.9946202919295,-18.1398288065138,5.09028738510881,5.44631021231052,-2.65507692624688,-2.9552907209266,-8.226450482052,-4.9982128963525
Durum-407,19.8430388383336,18.198699739455,2.14427062650661,-9.16619853285645,-1.98903590982174,-10.1234821241239,3.80939391556889,7.56595207537051,0.286659674169975,-1.28017347834658
Durum-408,-11.2947018398335,6.29141915233516,-4.22256579945161,-26.3922817957688,3.37727980112611,-2.40825030225946,1.26126680001933,-12.1571900387436,-10.3318998307398,-7.87696463272213
Durum-409,-11.4586352633054,-0.397506185545784,-16.7133015453285,-16.1695091849313,2.58933168976728,-5.70012752741076,2.80469518727199,-0.598944930959541,-5.27516328923239,1.34631700509654
Durum-410,-10.2757534822787,6.41850064741613,-3.41001179377969,-25.1680096477962,4.88147101090163,-2.18767221966206,1.17411182849563,-11.3558098501626,-8.88295292874844,-6.41275280240463
Durum-411,-11.7705109443801,6.18107728106551,-3.77191005486528,-27.7225931222286,3.69233008101953,-2.63960512834707,1.46843284643947,-12.7660453830809,-10.6457276628272,-7.14230018586506
Durum-412,-7.88970433973473,8.06324105152586,-7.59407722768309,-16.110249686003,8.94772541467476,-2.90906169764224,0.691150937695144,-2.47733063983516,-11.9263814045649,-3.26417842932716
Durum-413,-4.83421171744004,0.753741221465739,-18.0114713780273,-17.5133802031947,-0.855037827920915,1.60736406770651,-3.84633906393398,-0.240551560426254,-8.13875451388919,-0.0062692321241346
Durum-415,-3.90574436043755,-17.2266793237791,-28.9965017915772,-21.8708149150616,5.63831452474303,14.8001750284698,-10.6862090635552,2.23635562564525,0.321087172754263,-5.73687604953094
Durum-416,-1.42366024788344,-19.3621319083258,-31.3532766860579,-19.9346481503348,4.69452002847146,14.2550396452573,-9.78437205791557,2.2375586866776,2.25927014505787,-4.94149212318436
Durum-417,-15.5656191439249,16.8723655372507,3.27065329365585,-19.3020122606476,6.59942341915955,-9.01150723523336,0.384949868556423,-6.14627536258515,1.62818453093983,0.117761483713671
Durum-418,-5.82964983238203,6.60215466554453,4.3730966240466,12.8227159288668,1.13300832197272,8.75475710469153,-4.7626009921633,2.24697426007093,-6.16813657931399,-1.96616087186592
Durum-419,-8.29952924554224,1.08531600940475,-17.9846741601139,-17.9429906149457,-0.625557567838564,3.06851520366587,-3.24005302449372,-2.56522162130377,-6.88155754848182,-3.51303556347169
Durum-420,-6.5600271603328,19.6625626401163,-5.06032085944851,-12.891034728562,2.66549632716267,-6.69219202882639,0.0504517778505164,-5.96253819348502,1.23921614279487,-1.93666940375941
Durum-421,-4.51882662975773,-0.956564577353903,-16.907340807092,-24.3310916613888,4.42402951070585,2.73225584904969,-3.62616403628932,-2.81369779631181,-4.63929708310627,-4.71278483901935
Durum-422,-3.18075632634428,-17.7848411841509,-30.1195781553899,-17.9038157541696,2.1109512040639,14.1985071161235,-5.76456879071278,5.45470659511213,0.89860067521834,-5.51644202254915
Durum-423,-1.12717078034095,-4.19821915272624,-12.570825215145,-16.4487279375591,7.32365294824288,5.87985944111082,-1.7168394924984,-2.35973597368801,-3.69733354867985,0.639198115053517
Durum-424,-8.30888331013855,-10.4510975929509,-23.1521699924675,-22.0172885794228,3.15317464088442,7.26032104223731,-6.58020738621989,1.09591949321383,-2.44766436842941,-4.22220131530786
Durum-425,3.29101547825953,-21.41995162638,25.6474003901631,-15.1922906783499,-6.88045881412926,19.6995348710235,20.0041706523749,-0.810059620883361,-3.72579575904489,2.56643294735908
Durum-426,-11.8019174445261,11.1021445059458,1.74711479813962,-0.328957012562262,0.623375911947357,4.67708324700381,-2.7444535480716,17.6101866661454,-2.65132866966703,-4.53729169922937
Durum-427,-3.19076045617808,-20.7164571144079,-31.2899916664998,-22.8818665878925,4.5150234049548,15.6446393290748,-9.00918897431518,-0.238753450887655,3.39550402846577,-1.27769939519781
Durum-428,-7.86197572974692,5.84277950435304,-11.7231884911031,-17.9194957596472,3.78282338967775,2.6227570586592,-2.3114057606296,-1.25822989050513,-8.86043568867036,-2.90301773889452
Durum-429,-3.83238130141243,2.22706887971221,-11.2130881661018,-17.1500629837973,3.73606057926261,4.77403865516035,-1.54798303148002,-8.12211428046326,-10.4933709074741,-7.02179873882466
Durum-430,-8.51933087391749,3.31050766382079,-12.0762807419088,-13.5752201733424,-1.18368358249485,-1.4090563317415,-3.14770410831315,1.31894936372942,-6.3085941721464,-3.64336275673261
Durum-431,-9.62442575610571,6.50476311121257,-15.3442028582415,-16.2060277871383,2.45444134005735,1.54188585462895,-3.63170697803603,-3.80481745421272,-9.92153237237009,-3.65214110632288
Durum-432,-0.523491706205655,-4.08859924780063,7.20307413780942,-15.0715645192727,4.32950478055297,4.30462116169476,6.02108078893366,-9.03124201485483,-10.3771845676427,-1.81639485575489
Durum-433,-6.52532908346188,1.07634662137943,-23.7449194063968,-19.4463617649202,-0.384904762881855,5.0396000611767,-6.48095793222307,-2.98888432369178,-7.27662190349023,-2.2572102981834
Durum-434,-4.65534251144269,-10.9734864933513,-26.0853788230568,-23.5303449573552,6.16814378633067,11.9011174266806,-10.1632224900076,0.83569868329659,0.419884465771537,-8.13003925449514
Durum-435,-13.6156961902024,16.1074357325199,9.28884964691166,-4.0727319276735,1.64142846872493,-5.87375725166376,1.60133976238916,0.372222107344196,4.01890040726981,-6.61741286983682
Durum-437,-5.56289151578726,-0.799249210247075,6.23165739185461,8.51496902158275,0.741566395519022,0.106149067753247,1.41069269186212,3.4547512721448,3.61519520548468,-12.8849832636829
Durum-438,-22.3572449296302,29.1481727085257,8.65237185219118,-7.29375601350075,-2.64638648569057,-5.80310747119076,2.31060680687574,1.23652436349066,9.40263739074548,16.1880839056701
Durum-439,-18.3025566522625,22.0296208528368,8.72383385944783,-9.38912655520726,0.258532440494874,-8.90197031968282,-0.50046776094302,-0.0885969005040081,-1.41818093035747,-3.68313269744676
Durum-441,19.1893140400308,-4.84214469994629,5.67564348310946,7.71150147971603,32.8261309712745,-3.84877777753151,7.44832762125357,2.80714325141023,-1.30845346448202,-1.36331931171064
Durum-443,23.0346155871225,3.94594793100054,4.71392397598646,3.79839609967225,4.54349639078053,2.52450899114083,0.760605851148559,-11.1593567817311,14.523375107594,6.12274180853888
Durum-444,13.6394249690432,-5.14031618455622,5.20037265242124,5.8500125743175,5.08320755794778,0.34377050187722,-0.406386100168604,-20.7170994101091,31.8091166036156,3.86481365972624
Durum-445,13.1949297911539,-4.71973920932985,4.1806281887577,8.62158881935554,4.74294347846136,-0.918173817966609,0.348603087948268,-20.4557779733823,33.132650521741,4.00913161677733
Durum-446,12.7227862539539,-4.60994550704525,4.79863776674991,8.17783136035469,3.99923406404063,-0.679460663027727,0.365658184761205,-20.4096815482228,32.7290381503609,4.65154827364865
Durum-447,55.1298945266953,18.1984534188523,-6.4050259650662,-4.75887396990018,-2.99270440980431,-5.32966743321465,3.82768760236729,10.7578698475256,-1.43968070422518,0.426236325103288
Durum-448,-10.3935228830186,3.35112603885698,15.6528238831311,-13.6222577654815,-5.80092660450411,2.88894227156331,10.0672736213901,-0.663790665620881,0.796289000570158,15.050039742966
Durum-451,-24.470819559705,29.4440942722865,8.08496769949341,-15.194831298307,-0.454122657692612,-10.7762567855012,2.44514400212746,0.0356593710472676,4.60695722617053,5.10260248094674
Durum-452,-15.1860312238334,18.4271062116788,4.63904817976188,-0.624340707469107,-2.2172315242865,0.120840315169306,0.918281582081865,7.55688485454295,2.94262857134394,-1.72701945014317
Durum-453,17.0097939783271,-0.129089506351829,6.45279243689557,5.01616017819307,34.4987007301614,0.694817541864873,4.69075682470477,5.49961986128785,2.54786103281758,2.76987516542052
Durum-454,-5.65748594190043,-15.8096244275875,-22.9454305441022,-18.8257956364928,3.43495522500788,14.1686397761391,-11.4530632668077,2.82273811934361,2.15786491838713,-4.21237440677073
Durum-455,-9.61381815201208,9.38712069031369,2.74320271555577,11.2329701435178,0.679669578606183,6.45592572354186,1.22108589460267,9.89024013290219,2.79472213913269,1.90636609719575
Durum-456,60.6031676002345,16.5511164289773,-5.86389818784218,-3.81722142273511,-17.1115628197652,-1.15660188170985,1.15022653693377,-3.76395738888361,1.2004213678319,2.22951704802891
Durum-457,4.53560641956701,-21.4784279736436,17.5113430252616,-1.75118926484576,-1.50169725925619,-10.2928624676846,-11.7286811366402,-1.51942077502662,4.64516715018065,5.66466936882328
Durum-458,2.14825231393651,-26.0254369936575,20.9350853937051,-0.524523162020258,-6.16851624057996,-20.28897863629,-24.9527891074457,-0.0664997799248458,-9.73945382985941,6.13777256509563
Durum-459,2.56024850115719,-20.8413501282806,18.7250581698927,-4.92998702630469,-3.20629142364328,-10.298351609754,-10.9442415308222,5.60728498473453,-3.78390938137389,2.32896241763566
Durum-460,2.0045042436558,-24.6806669143356,20.4724475373729,-4.40041143313219,-4.76037679483406,-12.0983175031745,-14.3101035412517,6.97494053028093,-1.79630925990722,3.23417634530465
Durum-461,2.31602910615123,-23.7165204750511,17.2782898514502,-1.26000916586489,-5.57697426680193,-18.2040294751426,-24.4814056783725,1.89265814558642,-8.96464116146721,4.78880837252119
Durum-464,3.93121091793991,-22.7856083394135,16.9748526010607,-0.545606780097607,-4.81422504709076,-15.3135868603056,-17.946931082971,0.0870187340922987,-5.77061445379862,2.61675106892948
Durum-467,2.90559519876258,-21.0840507521734,19.1734003331586,-1.26487405031876,-3.75602968513143,-15.4257438835106,-18.785615176909,2.96960530166885,-6.99021141801305,2.70815844904668
Durum-469,5.13722965732205,-22.3109749223491,17.9883421839078,-3.71882604707199,-1.54335311026475,-11.9649050690811,-16.0645260572065,0.438269535847394,-3.18380460521992,-0.514117196834541
Durum-470,2.48798382808338,-27.3351142418953,21.0857841217559,-2.31636206135266,-5.5972905849763,-18.5993177582415,-24.267508072068,0.177785306337606,-11.8073084015836,7.26405678429311
Durum-472,3.09948031394487,-23.5400163738839,20.5914771486619,0.0940039882089621,-4.14077952684746,-14.1521081227412,-18.0696780971868,3.59407544246251,-4.03030594620273,5.7543903759969
Durum-473,3.19475511269977,-26.8939130063127,19.9378200352397,-3.33815524755467,-7.53498280278077,-18.601939130166,-21.6141228911203,1.26911790223624,-9.18878636305061,5.55935728548025
Durum-474,1.08743606954302,-26.9125416564676,19.9326118837649,-2.08146955609667,-7.01044599710095,-19.1956478390725,-24.7270108025161,2.28097562528915,-10.8412692275683,7.10854285462073
Durum-475,2.37579536520116,-26.5602809689112,20.3695562802269,-1.96371799203561,-5.99638299451976,-19.6755315737485,-24.6134176351685,0.750625632248959,-11.0086721114029,6.33901587032182
Durum-476,1.16624656676381,-21.9579751395522,18.245185050016,-2.46503844251281,-3.36486381983066,-9.99395646608134,-14.8948675377108,3.93374202748643,-4.5110036544812,3.16595557758996
Durum-477,5.86366121219788,-18.4207971909894,18.6417113580136,-3.03709805743664,-3.22878863286628,-10.569037666256,-13.5464863978713,3.88908820524346,-1.72729826517453,0.616221638635988
Durum-478,-0.338994217057079,-15.8595743310618,2.55816384107422,6.96736147797595,-5.15587554589293,-11.4378239827829,-9.37638876929782,-1.08718640870813,-3.39670526781452,0.765414458693778
Durum-481,0.420085242983761,-22.6628317613746,19.5998443516051,-0.792150145905491,-4.504599539902,-13.6288517110008,-16.6951160268151,3.78234223838726,-4.12770305047068,4.39985018301042
Durum-483,3.73729787558086,-26.9171114853729,19.5678481772327,-3.84398667925255,-7.57782163586733,-18.4387526834564,-21.9754830419957,1.38086026995909,-9.30742714209465,5.37537529650942
Durum-486,7.44578253701351,-4.6417332532921,8.43953666521537,8.10982142304851,-2.17250045557611,-1.95337381143682,-9.37063439567581,-14.4633490714934,-3.78918461655006,-0.602036522811594
Durum-490,-5.93784283866882,-9.60962370990179,-8.09277923667714,9.73004779075434,-2.28431005427025,-7.0535098095193,1.30954531415986,-3.70653070967536,4.06923713728621,-1.00036786265614
Durum-492,10.7792063657915,9.55450814502914,3.86631608351731,12.298638463715,4.31772655326163,7.94832379985569,-3.6475807436576,-22.3347524616435,-3.3090756824813,4.16374274040153
Durum-493,-6.48208616856551,-9.73720476571995,-7.18314746499877,14.3755666320839,-4.11763022665777,-9.90635744639053,5.75226685997602,-3.11123986102349,-0.983764117624584,4.59206625886277
Durum-495,0.305245478133205,-11.3856450449704,9.14049091192122,2.23655248765928,-1.34172781675396,-3.97365167907579,-5.39100545398383,-3.77367985925063,6.34123600351955,-4.80515536259133
Durum-496,-2.22636989821403,-0.843330910419775,-19.9574551420308,-17.3679678103271,4.99193698326861,7.61688107133386,-7.92147634370711,-4.17822018871395,-5.01526650306252,-5.21251085277307
Durum-497,-2.63490321018913,-13.749057066937,-25.1747303229421,-18.6537889286505,3.79344919780002,9.74981112517056,-8.39321979767753,1.19266269863198,2.18042572167358,-7.74653748746157
